Overall;Erosion;Drift
0.6363636363636364;0.42857142857142855;1.0